24-12-20 16-04-02 mCherry,,,,,,,,,,,,,,,,,,,,,,,,,,,,,,,,,,,,,,,,,,,,,,,,,,,,,,,,,,,,,,,,,,,,,,,,,,,,,,,,,,,,,,,,,,,,,,,,,,,,,,,,,,,,,,,,,,,,,,,,,,,,,,,,,,,
24-12-20 16-04-02 mCherry,,,,,,,,,,,,,,,,,,,,,,,,,,,,,,,,,,,,,,,,,,,,,,,,,,,,,,,,,,,,,,,,,,,,,,,,,,,,,,,,,,,,,,,,,,,,,,,,,,,,,,,,,,,,,,,,,,,,,,,,,,,,,,,,,,,
Well,0,10,20,30,40,50,60,70,80,90,100,110,120,130,140,150,160,170,180,190,200,210,220,230,240,250,260,270,280,290,300,310,320,330,340,350,360,370,380,390,400,410,420,430,440,450,460,470,480,490,500,510,520,530,540,550,560,570,580,590,600,610,620,630,640,650,660,670,680,690,700,710,720,730,740,750,760,770,780,790,800,810,820,830,840,850,860,870,880,890,900,910,920,930,940,950,960,970,980,990,1000,1010,1020,1030,1040,1050,1060,1070,1080,1090,1100,1110,1120,1130,1140,1150,1160,1170,1180,1190,1200,1210,1220,1230,1240,1250,1260,1270,1280,1290,
B02,15240,14671,14344,14161,14554,14245,14214,14120,14287,14268,14115,14184,14572,14326,14327,13977,14197,14291,14212,14312,14257,14225,14196,14297,14502,14293,14387,14486,14512,14741,14857,14942,15053,14964,14972,15094,15027,15133,14980,15151,15036,15073,15042,15077,15122,15139,15286,15004,15171,15106,15197,15348,15193,15287,15263,14889,15170,15270,15123,15506,15092,15113,15048,15124,15188,15084,15400,15319,15337,15072,15213,15362,15278,15061,15323,15210,15148,15097,15254,15126,15106,14972,15259,15095,15011,15220,15266,15225,15298,15171,15429,15077,15405,15453,15354,15297,15281,15395,15205,15293,15148,14939,15137,15195,15337,15382,15189,15134,15214,15399,15338,15050,15418,15488,15115,15247,15247,15120,15487,15011,15024,15277,15136,15310,15368,15260,15135,15377,15228,15205,
B03,14819,14824,14597,14636,14230,14344,14239,14366,14625,14096,14383,14505,14473,14477,14373,14456,14991,14913,15124,15512,15662,15733,15760,16376,16759,17345,18202,18966,20186,21021,22249,23616,25032,26436,24746,22301,22712,22939,23265,23552,23613,23424,23996,24121,24291,24201,24339,24680,24557,24729,24388,24573,24909,24320,24609,24690,24434,24237,24878,24492,24827,24844,24709,24604,24733,24810,24636,24889,25178,24795,24672,24987,24752,24361,24666,24682,24469,24548,24813,24507,24645,24713,24501,24422,24431,24676,24554,24523,24431,25130,24713,24406,24542,24948,24763,24662,24620,24422,24459,24492,24344,24583,24679,24764,24443,24831,25144,24466,24667,24957,24621,24582,24438,24531,25081,24656,24705,24794,24540,24309,24567,24267,24742,24549,24708,24779,24596,24636,24383,24445,
B04,15169,14571,14898,14420,14333,14257,14313,14561,14330,14518,14544,14565,14424,14634,14565,14483,14512,14473,14314,14362,14492,14563,14739,14627,14655,14545,14716,14252,14573,14423,14449,14506,14746,14943,15189,14855,15199,14964,15089,15183,15257,15275,15096,15107,15382,15208,15146,15246,15118,15135,15439,15232,15333,15596,15568,15207,15118,15254,15054,15266,15526,15295,15367,15292,15340,15260,15371,15407,15210,15430,15451,15239,15243,15686,15291,15155,15407,15343,15308,15395,15289,15246,14905,15353,15065,15477,15389,15464,15317,15237,15038,15423,15334,15588,15159,15310,15403,15316,15270,15718,15018,15451,15341,15329,15142,15383,15294,15486,15286,15617,15121,15401,15327,15507,15698,15343,15423,15186,15281,15419,15309,15335,15641,15450,15381,15377,15225,15412,15329,15407,
B05,15177,15016,14807,14370,14342,14780,14409,14677,14424,14569,14577,14721,14758,14854,14564,14654,14705,14850,15048,15105,15328,15501,15364,15863,16098,15962,16610,17086,17763,18637,19642,20438,21624,22519,24303,25384,26368,24791,22801,22813,23311,23476,23435,23725,23754,24007,24448,24619,24463,24774,24810,24968,25111,25062,24964,25146,25133,24692,24926,25484,25094,25200,25200,24877,24926,24908,25061,25406,25570,25578,25179,25425,25251,25117,25486,25008,25586,25283,24959,25090,25408,24896,25168,25075,24968,25196,25337,24970,25253,25167,25423,25022,25263,25079,25261,25088,25545,24896,25549,24854,25057,25325,25504,25201,25278,25790,25096,25141,25449,25623,25501,25057,25596,25617,25530,25340,25452,25405,25179,25572,25358,25045,25181,25536,25247,25328,25191,25295,25216,25293,
B06,15260,15041,14673,14622,14668,14684,14591,14636,14678,14679,14587,14625,14562,14783,14599,14817,14550,14702,14678,14814,14671,14761,14846,14802,14521,14474,14570,14334,14556,14715,14495,14848,14531,14550,14505,14687,14415,14620,14809,14295,14609,14683,14542,14686,14355,14318,14652,14311,14470,14544,14504,14424,14553,14433,14586,14531,14620,14466,14462,14354,14495,14414,14389,14425,14676,14720,14099,14269,14485,14587,14464,14361,14451,14255,14272,14406,14359,14506,14505,14471,14537,14315,14326,14279,14467,14401,14422,14360,14369,14431,14320,14568,14409,14577,14532,14332,14429,14431,14131,14349,14446,14469,14327,14473,14330,14134,14154,14459,14312,14538,14477,14624,14556,14144,14221,14182,14488,14311,14391,14586,14395,14274,14144,14294,14485,14522,14467,14398,14265,14099,
B07,15643,14855,14871,15005,14597,14490,14750,14515,14635,14521,14753,14447,14582,14804,14647,14596,14689,14493,14892,14665,14582,14507,14707,14718,14730,14632,14393,14481,14616,14363,14581,14447,14578,14448,14746,14400,14570,14462,14641,14479,14469,14201,14344,14489,14292,14666,14478,14452,14484,14338,14360,14520,14499,14274,14232,14403,14194,14398,14524,14534,14639,14670,14445,14496,14459,14442,14320,14373,14543,14207,14476,14613,14422,14345,14516,14342,14275,14348,14529,14342,14511,14434,14348,14617,14353,14390,14235,14379,14427,14350,14350,14186,14242,14226,14145,14418,14181,14202,14539,14321,14602,14380,14345,14346,14146,14329,14527,14181,14226,14379,14301,14310,14409,14260,14146,14588,14306,14343,14526,14466,14465,14264,14322,14281,14403,14489,14537,14582,14745,14703,
B08,15415,14871,14613,14823,14761,14551,14485,14668,14745,14228,14509,14354,14596,14430,14503,14497,14423,14684,14926,14672,14802,14667,14706,14702,14758,14881,14749,15053,14940,14873,15264,15425,15117,15242,15414,15188,15309,15332,15331,15076,15576,15332,15382,15390,15473,15438,15539,15409,15578,15357,15474,15611,15380,15239,15534,15401,15577,15650,15325,15433,15617,15524,15566,15422,15547,15339,15487,15337,15248,15412,15374,15501,15611,15418,15401,15566,15761,15428,15373,15470,15510,15488,15379,15260,15462,15340,15364,15353,15493,15467,15557,15186,15396,15545,15387,15794,15485,15541,15084,15492,15537,15599,15382,15249,15669,15481,15278,15629,15212,15826,15509,15478,15659,15608,15494,15532,15393,15690,15640,15618,15501,15367,15165,15366,15332,15547,15413,15456,15384,15597,
B09,15119,14707,14712,14400,14603,14787,14532,14524,14352,14695,14397,14824,14580,14629,14541,14260,14567,14741,14353,14678,14598,14419,14870,14739,14707,14834,15117,15011,15097,15090,15340,15558,15386,15735,15633,15334,15444,15559,15407,15410,15159,15351,15273,15521,15819,15529,15449,15405,15298,15352,15511,15342,15289,15433,15429,15559,15459,15668,15637,15707,15629,15520,15655,15580,15479,15538,15480,15416,15465,15354,15540,15549,15606,15332,15355,15344,15434,15743,15443,15539,15655,15610,15861,15431,15792,15246,15525,15470,15413,15686,15564,15406,15370,15130,15694,15477,15638,15671,15593,15614,15309,15643,15314,15531,15442,15335,15391,15295,15264,15535,15680,15356,15649,15516,15536,15456,15342,15380,15484,15590,15184,15582,15173,15735,15439,15508,15695,15669,15249,15522,
B10,15070,14650,14602,14397,14416,14344,14617,14291,14342,14260,14457,14542,14467,14504,14267,14248,14500,14464,14385,14505,14373,14492,14584,14455,14687,14286,14633,14580,14769,14668,15110,14966,14960,14866,15169,15199,15201,15279,14974,15237,15038,15210,15042,15433,15121,15148,15226,15406,15417,15363,15243,15124,15085,15311,15000,15119,15155,15137,15294,15542,15193,15546,15245,15182,15495,15540,15353,15154,15070,15141,15250,15304,15343,15215,15178,15332,15240,15155,15248,15271,15047,15468,15386,15325,15391,15152,15520,15386,15278,15196,15275,15371,15175,15289,15318,15341,15108,15430,15206,15215,15061,15060,15085,15231,15427,15405,15250,15301,15086,15235,15221,15316,15175,15074,15296,15315,15467,15313,15364,15413,15217,15436,15317,15301,15215,15477,15184,15140,15368,15331,
B11,14959,14363,14506,14386,14214,14209,14244,14066,14595,14266,14413,14263,14480,14574,14364,14278,14460,14571,14112,14388,14259,14480,14348,14661,14454,14707,14778,14808,14932,14868,14864,15126,15277,15395,15121,15192,14951,14975,15218,15190,15080,15362,14850,15071,15246,15232,15299,14986,15417,15198,15290,15122,15160,15135,15207,15041,14868,15268,14986,15047,14976,15059,15292,15123,14967,15360,14955,15283,15300,15104,15174,15297,15117,15149,15219,15067,15451,15037,15159,15246,15202,15148,15175,15156,15432,14994,15124,15269,15011,15371,15075,15130,15282,15043,15214,15067,15331,15306,15018,15259,15210,15247,15303,15371,15123,15252,15231,15215,15053,15338,15181,15176,15001,14961,15121,15238,15131,15114,15385,15319,15207,15303,15216,15503,15337,15244,15145,15182,15194,15491,
C02,15225,14816,14677,14530,14364,14551,14332,14472,14357,14611,14462,14399,14525,14538,14536,14387,14467,14410,14470,14419,14539,14549,14585,14471,14540,14846,14973,14861,15001,15281,15141,15132,15312,15359,15413,15219,15191,15198,15522,15405,15469,15175,15502,15359,15282,15044,15325,15457,15506,15563,15251,15347,15308,15479,15273,15472,15448,15489,15318,15332,15473,15269,15172,15322,15290,15275,15398,15273,15158,15494,15496,15168,15395,15311,15434,15249,15452,15174,15390,15303,15400,15414,15464,15289,15198,15281,15013,15438,15447,15533,15254,15447,15493,15513,15642,15687,15365,15713,15245,15267,15416,15492,15541,15173,15469,15384,15429,15145,15268,15264,15078,15398,15273,15390,15573,15548,15265,15574,15354,15307,15444,15388,15377,15278,15282,15436,15236,15391,15126,15355,
C03,15033,14702,14720,14409,14215,14164,14406,14424,14382,14351,14696,14499,14566,14519,14758,14713,14973,15095,15228,15393,15543,15691,16250,16363,16835,17431,18197,19016,19954,21068,22169,23674,25077,26592,24610,22493,22596,22577,23347,23371,23737,23760,23725,23897,24341,24388,24377,24292,24451,24980,24604,24667,24594,24636,24872,24660,24852,24730,24709,24377,24755,24612,24283,24477,24525,24662,25086,24516,24654,24997,24755,24538,24734,24468,24459,24304,24721,24748,24462,24526,24675,24513,24261,24404,24307,24330,24448,24084,24533,24340,24550,24457,24542,24588,24167,24479,24545,24194,24639,24102,24440,24612,24558,24495,24332,24723,24540,24866,24403,24481,24614,24517,24579,24544,24909,24684,24372,24455,24558,24310,24330,24502,24255,24192,24357,24446,24645,24463,23793,24626,
C04,15005,14623,14677,14506,14186,14252,14460,14367,14375,14208,14233,14186,14295,14388,14033,14307,14470,14316,14055,14302,14187,14423,14474,14398,14462,14766,14675,14246,14495,14678,14982,14773,14801,14888,14941,14980,15219,15152,15471,14915,15146,15223,15071,15032,15163,15392,15202,15012,15157,15110,15174,15285,15127,15176,15373,15100,15356,15347,15428,15299,15460,15022,15171,15276,15130,15275,15233,15243,15154,15396,15207,15326,15292,15044,15225,15187,15107,15134,15261,15309,15257,15329,15380,15376,15181,15014,15436,15259,15354,15233,15374,15300,15329,15332,15480,15251,15356,15084,15235,15321,15485,15261,15284,15497,15260,15586,15431,15241,15184,15291,15243,15447,15221,15297,15225,15334,15093,15365,15327,15379,15491,15412,15425,15160,15485,15166,15469,15198,15309,15304,
C05,15524,15035,14721,14769,14654,14776,14433,14304,14532,14808,14757,14674,14744,14851,14841,14647,14985,15137,14967,15068,15203,15274,15598,15777,16131,16003,16547,16870,17211,17785,18503,19366,20385,21560,22904,23703,25221,26234,23775,22602,22779,23455,23247,23619,23682,24132,24211,24446,24438,24547,24881,24661,24742,25081,24962,24973,25103,24919,25237,24839,25126,25126,24913,25179,25231,25350,25407,25414,25870,25674,25311,25230,25298,25061,25198,24686,25102,24888,25126,25078,25189,24876,24922,25164,25016,24724,25177,25046,25561,25385,25436,25219,25010,25053,25162,25019,25169,25035,24872,24959,25187,25365,25311,25193,25352,25431,25210,25218,25133,25407,25148,25625,25296,25309,25611,24999,25322,25058,25623,25176,25012,24851,25057,25379,25231,25273,25371,25231,25050,25244,
C06,15645,14979,14905,14492,14861,14690,14855,14871,14776,14715,14669,14710,14867,15045,14808,14786,14780,14908,14787,14662,14955,14864,14797,14723,14739,14628,14693,14601,14929,14719,14732,14566,15001,14575,14876,14675,14528,14467,14769,14697,14598,14494,14672,14596,14650,14855,14631,14635,14479,14865,14593,14438,14742,14505,14525,14605,14717,14549,14443,14728,14620,14615,14403,14451,14415,14664,14614,14651,14736,14592,14548,14540,14676,14326,14429,14505,14565,14492,14532,14474,14436,14498,14469,14661,14472,14382,14492,14426,14533,14603,14398,14714,14428,14578,14435,14342,14473,14396,14465,14561,14528,14297,14293,14423,14452,14596,14561,14410,14252,14546,14247,14397,14250,14648,14341,14227,14522,14425,14272,14414,14578,14751,14300,14311,14417,14599,14286,14269,14550,14297,
C07,14964,14895,14753,14627,14433,14529,14608,14235,14371,14505,14448,14355,14344,14552,14391,14298,14454,14284,14532,14385,14175,14432,14258,14367,14353,14230,14398,14328,14355,14426,14382,14320,14311,14325,14016,14293,14135,14220,14304,14258,14543,14253,14362,14306,14153,14338,14134,14402,14105,14194,14090,14170,14202,14291,14353,14206,14094,14231,14481,14153,14092,14259,13982,14178,14160,14132,14027,14110,14415,14127,14181,14121,13961,14581,14233,14322,14161,14096,14151,14138,14277,14038,14287,14103,13882,14269,14002,14324,14301,14048,14257,13972,14112,14067,14041,14024,14112,14042,14268,14395,14226,13871,14006,14244,14120,14245,13950,14013,14125,14063,14197,14130,14009,14069,14054,14047,14075,14155,13917,13804,13845,14043,14016,14162,14197,14109,14109,14085,14103,14035,
C08,15209,15053,14665,14691,14540,14560,14662,14695,14773,14659,14651,14637,14717,14772,14591,14578,14971,14509,14753,14703,14822,14782,14761,15057,14938,15132,14862,15111,15301,15518,15500,15373,15443,15815,15502,15509,15598,15661,15354,15543,15721,15360,15724,15618,15654,15442,15659,15631,15528,15466,15626,15559,15876,15446,15568,15429,15523,15410,15496,15812,15748,15663,15662,15286,15496,15627,15681,15628,15674,15591,15508,15608,15789,15530,15491,15784,15566,15625,15534,15633,15913,15724,15613,15615,15770,15522,15695,15592,15376,15647,15400,15629,15600,15641,15439,15630,15737,15726,15843,15611,15507,15514,15546,15770,15638,15574,15687,15551,15620,15437,15403,15573,15659,15273,15544,15691,15653,15619,15465,15568,15656,15493,15470,15589,15385,15625,15366,15561,15604,15663,
C09,15385,14950,14898,14362,14520,14552,14538,14473,14337,14449,14700,14789,14486,14629,14582,14665,14689,14696,14609,14788,14873,14549,14889,14764,14794,14956,14877,14900,15158,15208,15187,15509,15273,15341,15477,15541,15363,15493,15530,15301,15015,15234,15571,15564,15292,15700,15360,15445,15337,15296,15271,15458,15677,15497,15709,15412,15518,15423,15527,15180,15649,15432,15075,15414,15373,15555,15360,15601,15495,15155,15550,15849,15479,15222,15299,15454,15634,15655,15254,15547,15409,15310,15414,15397,15532,15443,15405,15559,15457,15600,15818,15399,15419,15625,15531,15678,15446,15292,15681,15553,15086,15297,15391,15432,15549,15377,15746,15537,15371,15365,15669,15454,15519,15351,15220,15324,15299,15241,15473,15366,15587,15470,15310,15233,15383,15353,15579,15341,15600,15596,
C10,15177,14949,14763,14600,14472,14216,14081,14452,14163,14498,14366,14224,14459,14260,14509,14221,14172,14322,14084,14478,14400,14465,14518,14531,14326,14396,14552,14727,14831,14915,14851,14887,14962,15169,15123,15539,14981,15356,15156,15382,15170,15052,15532,15093,15176,15435,15215,15334,15415,15344,15095,15489,15216,15241,15068,15196,15561,15140,15473,15455,15055,15406,15239,15070,15088,15587,15446,15093,15457,15309,15296,15256,15354,15126,15288,15468,15145,15340,14909,15426,15139,15432,15304,15041,15409,15443,15278,15298,15115,15424,15154,15413,15323,15126,15300,15065,15205,15160,15171,15261,15260,15358,15191,15259,15031,15035,14981,15359,15278,15235,15389,15102,15097,15278,15309,15256,15141,14999,15097,15167,15241,15262,15081,15120,15402,15114,14954,15263,15002,15228,
C11,15139,14494,14466,14363,14306,14181,14319,14179,14270,14211,14298,14287,14283,14449,14394,14482,14388,14323,14199,14474,14335,14523,14457,14566,14633,14476,14842,14798,15089,14814,14860,15073,15192,15166,15268,15204,14834,15213,14928,15337,15046,15076,15318,15248,15120,15224,15516,15173,15104,15035,15363,15288,15095,15250,15288,15235,15347,15356,15179,15283,15286,15265,15192,15334,14941,14916,15280,15284,15345,15245,15128,15535,15117,15229,15228,15282,15264,15407,15122,15238,15184,15135,15371,15237,15566,15167,15151,15484,15188,15378,15439,15216,15189,15309,15483,15108,15122,15528,15212,15232,15409,15127,15266,15071,15382,15259,15227,15233,15260,15438,15028,15420,15342,15104,15270,15212,15236,15302,15215,15190,15294,15317,15204,15217,15495,15174,15441,15304,15330,15150,
D02,14838,14627,14526,14456,14229,14491,14317,14351,14372,14374,14310,14202,14546,14375,14386,14467,14461,14271,14335,14203,14492,14535,14320,14373,14330,14481,14552,14464,14493,14439,14427,14533,14714,14630,14719,14866,14887,14862,14894,15060,14930,14809,14973,15298,15260,15271,15372,15234,15352,15256,15535,15522,15254,15553,15291,15173,15302,15606,15365,15377,15381,15361,15364,15537,15427,15215,15214,15296,15582,15554,15539,15371,15123,15344,15293,15453,15639,15391,15062,15347,15612,15508,15235,15561,15397,15281,15281,15290,15317,15536,15222,15375,15248,15480,15257,15531,15367,15258,15378,15354,15009,15472,15331,15311,15727,15404,15479,15572,15282,15415,15178,15227,15448,15319,15348,15278,15635,15291,15367,15411,15299,15443,15351,15313,15325,15228,15364,15298,15252,15416,
D03,14930,14524,14538,14489,14287,14174,14349,14382,14455,14164,14413,14217,14667,14553,14456,14937,14838,15055,15211,15255,15478,15495,15877,15870,16451,16359,16909,16675,17045,17535,17596,17980,18017,18355,18503,19195,19401,19991,20310,20669,20857,21176,21859,22093,22523,23656,24993,26458,27282,28363,28416,26461,24719,25414,25382,25764,26197,26161,26080,26277,26156,26565,26394,26720,26258,26653,26671,26777,26896,26826,26723,26553,26810,26476,26621,26397,26806,26848,26633,26876,26739,26611,26558,26588,26604,26630,26860,27025,26878,27006,27144,26553,26684,26809,26873,26645,27168,27056,27143,27005,27157,27053,27096,27243,26980,27036,26938,26987,27178,27062,26803,27400,26951,27170,27151,26962,26802,27292,27073,26990,26916,26762,26805,27251,26964,27588,26916,27447,26731,27537,
D04,14970,14597,14395,14500,14099,14592,14620,14165,14160,14345,14326,14312,14363,14161,14066,14264,14183,14455,14421,14496,14399,14387,14676,14354,14477,14380,14833,14863,14721,15054,14928,15164,15204,14880,15051,15049,14877,15124,15039,15112,15210,15055,15089,15163,15221,15202,15415,15051,15188,15010,14858,15071,14963,15049,15179,15184,15202,15419,15605,15149,15065,15226,15229,14834,15321,15141,14987,15212,15428,15040,15033,15224,15249,15086,15227,15439,15260,15244,15339,15170,15204,15396,14954,15280,15091,15102,15115,14962,15175,15561,15034,15289,15239,15353,15134,15281,15092,14981,15403,15395,15180,15164,15377,15038,15209,15281,15341,15225,15184,15467,15097,15440,15269,15197,15151,15296,15199,15105,15048,15406,15241,14991,15171,15307,15195,15043,15087,15321,15117,14892,
D05,15199,14804,14715,14612,14570,14364,14393,14180,14454,14312,14387,14354,14532,14776,14843,14818,14718,14837,14961,14868,15319,15324,15251,15914,16008,16190,16442,17229,17362,18345,19152,20158,20860,22358,23863,25150,26235,25107,23025,23100,23188,23521,23795,23971,24199,24048,24630,24723,24626,24798,25365,25094,24998,24970,25190,24899,25051,25247,25534,25281,25284,25226,25320,25413,25524,25578,25795,25444,25417,25538,25472,25474,25604,25193,25633,25317,25378,25070,25561,25599,25537,25421,25643,25628,25147,24999,25464,25673,25741,25908,26069,25750,25363,25727,25816,25189,25719,25318,25568,25340,25545,25637,25724,25674,25785,25877,25820,25711,26101,26340,25845,26141,25887,25826,25926,25659,25531,25926,25468,25955,25507,25642,25580,25658,25607,25914,25759,26271,25745,25678,
D06,15811,15077,15096,14634,14998,14901,14754,14783,15020,14844,14687,14816,14858,15005,15042,15069,14852,14557,14948,15008,14914,14923,14669,14928,14666,14975,14781,14696,14689,15100,14917,14923,14683,14601,14560,14705,14705,14846,14704,14760,14741,14451,14697,14649,14517,14702,14642,14464,14633,14737,14638,14498,14680,14734,14673,14704,14619,14761,14601,14761,14462,14430,14573,14457,14578,14439,14654,14655,14552,14560,14673,14402,14499,14457,14696,14701,14781,14583,14456,14662,14582,14450,14446,14781,14270,14614,14482,14586,14166,14404,14435,14833,14472,14439,14418,14415,14545,14455,14417,14640,14536,14680,14449,14356,14461,14474,14554,14567,14490,14417,14397,14482,14546,14495,14509,14557,14502,14336,14249,14276,14548,14640,14343,14210,14537,14420,14553,14390,14312,14554,
D07,15613,15083,14803,14856,14760,14971,14493,14722,14566,14627,14502,14434,14591,14637,14653,14425,14587,14563,14569,14268,14553,14634,14497,14495,14725,14653,14538,14525,14430,14481,14712,14471,14466,14511,14491,14435,14482,14469,14539,14373,14519,14488,14619,14276,14459,14734,14442,14409,14480,14645,14332,14568,14486,14107,14629,14550,14325,14133,14433,14171,14373,14256,14337,14489,14270,14438,14100,14390,14238,14271,14537,14355,14277,14045,14093,14561,14474,14451,14341,14425,14400,14322,14355,14191,14440,14391,14214,14353,13939,14279,14413,14377,14309,14333,14461,14250,14189,14435,14187,14163,14446,14372,14267,14163,14241,14333,14087,14324,14189,14313,14239,14208,14066,14456,14201,14359,14155,14162,14481,14145,14132,14268,14240,13957,14180,14370,14233,14323,14152,14185,
D08,15559,14853,14589,14486,14677,14935,14685,14596,14564,14767,14516,14447,14519,14906,14851,14532,14802,14715,14510,14469,14791,14488,14687,14854,14956,14886,14968,14818,14792,14863,14775,15145,14985,15084,15095,15099,15302,15265,15125,15241,15277,15487,15036,15304,15273,15704,15439,15523,15489,15276,15368,15553,15459,15621,15669,15610,15368,15494,15695,15740,15432,15676,15496,15685,15375,15740,15582,15549,15513,15520,15490,15417,15437,15577,15833,15569,15150,15457,15421,15468,15295,15587,15319,15444,15539,15292,15456,15382,15399,15878,15449,15443,15355,15410,15626,15501,15551,15352,15427,15268,15533,15386,15580,15290,15561,15458,15480,15288,15556,15538,15705,15663,15491,15321,15583,15321,15303,15264,15227,15736,15611,15478,15751,15353,15691,15471,15513,15411,15364,15600,
D09,15013,14619,14531,14766,14500,14385,14390,14476,14222,14266,14441,14473,14469,14594,14441,14443,14436,14552,14785,14347,14868,14470,14554,14497,14885,14291,14732,15095,14853,15022,14798,15183,14911,15155,15287,15191,15151,15169,15362,15066,15269,15327,15476,15341,15307,15498,15496,15681,15801,15834,15712,15403,15571,15576,15646,15856,15580,15364,15453,15569,15749,15700,15630,15625,15625,15738,15553,15600,15548,15853,15468,15633,15836,15412,15294,15596,15652,15825,15375,15481,15201,15434,15550,15688,15460,15511,15627,15702,15572,15643,15516,15804,15436,15590,15534,15560,15516,15617,15593,15645,15634,15615,15724,15758,15730,15670,15516,15690,15760,15722,15501,15539,15737,15651,15636,15610,15628,15741,15226,15407,15485,15464,15681,15580,15408,15940,15664,15775,15810,15691,
D10,15194,14553,14628,14423,14464,14001,14230,14384,14209,14342,14458,14124,14015,14076,14231,14268,14512,14493,14530,14413,14479,14546,14451,14719,14664,14742,14973,14934,14751,15084,15022,15042,15326,14910,15371,15114,15291,15320,15187,15130,15275,15038,15386,15267,15279,14980,15183,15390,15165,15367,15335,15341,15133,15504,15426,15196,15383,15178,15275,15473,15363,15281,15110,15355,15132,15502,15369,15273,15315,15209,14943,15325,15016,15674,15313,15299,15304,15630,14966,15080,15530,15299,15256,15364,15318,15377,15591,15516,15233,15277,15752,15180,15133,15421,15348,15422,15385,15398,15496,15162,15076,15283,15293,15350,15283,15437,15383,15183,15253,15282,15249,15151,15312,15120,15414,15325,15448,15149,15283,15422,15060,15360,15337,15282,15320,15412,15504,15379,15474,15619,
D11,14908,14479,14559,14356,14273,14144,14120,14284,14073,14133,14120,14586,14275,14266,14227,14424,14110,14601,14275,14595,14780,14425,14674,14479,14562,14734,14789,14558,14833,14798,14981,15048,15069,15365,15089,15173,15260,15217,15048,15280,14952,15134,15162,15075,15107,15431,15469,15178,15166,15205,15202,15389,15318,15205,15176,15336,15315,15189,15479,15019,15218,15392,15307,15141,15128,15245,15348,15263,15058,15190,15253,15084,15167,14883,15178,15317,15122,15180,15166,15195,15375,15000,15346,15261,15228,14984,15286,15037,15237,15156,15158,15122,15374,15395,15262,15444,15321,15151,15343,15228,15178,15189,15111,15194,15207,15348,15093,15317,15145,15304,15188,15211,15359,15123,15011,15306,15047,15009,15515,15178,15228,15158,15098,15276,15237,15309,15137,15172,15299,15045,
E02,14818,14460,14435,14315,14122,14167,14157,14099,13918,14205,14160,14014,14168,14163,14053,14017,14089,14245,14070,14115,14161,14040,14116,14305,14248,14181,14261,14270,14266,14232,14503,14300,14606,14322,14762,14743,14619,14820,14923,14917,14808,14937,14950,15054,14890,14913,15123,15178,15311,15208,15150,14988,15090,15097,15098,15163,15052,15063,15136,14974,14939,15301,14888,15071,15037,14968,15187,14959,15267,15171,14941,15302,15068,15037,15032,14938,14991,15093,15279,15275,15089,15003,15318,15121,15005,15019,14918,15257,14937,14995,15104,15238,15368,15264,15307,15156,15156,15133,15172,15101,15191,15327,15326,14936,14814,15253,15173,15206,14926,15313,15014,15443,15185,14909,15070,15062,15214,15217,15209,15026,14882,15173,15164,15022,15418,15127,14920,14866,15128,14876,
E03,15011,14631,14328,14363,14342,14131,14059,14210,14389,14118,14348,14405,14487,14847,14432,14621,14812,14773,15223,15117,15449,15724,15808,16233,16012,16376,16724,16791,17264,17393,17566,17893,18042,18713,18991,19240,19552,20014,20619,20532,20593,21010,21628,21966,23403,24309,26478,27313,28426,27297,24339,24151,24684,24720,24834,25096,25030,25207,25156,25334,25069,25727,25532,25413,25321,25843,25867,25885,25839,25675,25221,25474,25624,25279,25552,25747,25703,25671,25763,25352,25639,25486,25307,25664,25371,25363,25834,25907,25578,25617,26141,25542,25445,25954,25871,25802,25843,25890,25809,25380,25742,26031,26067,26170,25542,26058,25873,25831,25954,26034,26673,25946,26399,26111,25961,25794,25853,26156,25861,25591,25728,25760,25716,26162,25926,26261,25863,26154,25807,26337,
E04,14909,14665,14304,14365,14232,14036,14081,14167,13970,14301,14056,14210,14284,14328,14090,14318,14132,14171,14189,14288,14372,14520,14353,14450,14513,14628,14707,14943,14939,14902,14968,15207,14975,15187,15133,15156,15137,14999,15362,15098,14805,15204,15034,15166,15175,14984,15130,15221,15083,15189,15122,15108,15021,15034,15081,14988,15093,15119,15229,15146,15175,15082,15082,15024,15260,15230,15187,14916,15254,15119,15193,15215,14882,15219,15050,15005,14964,15132,14966,15216,15096,15103,15172,15196,15330,14764,14988,14977,15141,15089,15259,14928,15135,15141,15140,14984,15222,15027,15214,15355,15095,14812,15181,15131,15375,15150,15003,15148,15319,15108,15308,15026,15260,15183,15295,15103,15112,15131,14878,15067,15073,15042,15083,15132,15147,15382,15117,15110,14801,15295,
E05,15116,14867,14442,14718,14332,14494,14400,14356,14209,14190,14400,14661,14467,14524,14359,14534,14501,14543,14765,14743,15213,15232,15483,15427,16026,16025,16232,16575,17134,18275,19290,20149,21046,22344,23438,24574,26175,24512,22580,22877,22798,23065,23413,23651,23558,23997,23963,24094,24291,24316,24607,24518,24541,24651,24570,24766,24555,24722,24868,24898,24817,24732,24602,24783,24950,24741,24514,24681,24633,24717,24709,25033,24753,24710,25107,24551,24716,24427,24594,24781,24588,24527,24415,24322,24171,24134,24255,24694,24679,24479,24799,24601,24270,24556,24486,24585,24616,24164,24473,24096,24372,24268,24359,24651,24705,24540,24460,24446,24586,24574,24478,24457,24730,24652,24458,24245,24652,24610,24385,24614,23866,24100,24334,24423,24308,24590,24357,24985,23994,24454,
E06,15273,15065,15105,14898,14614,14468,14463,14505,14368,14404,14250,14481,14720,14688,14502,14673,14646,14547,14430,14397,14318,14246,14413,14501,14545,14712,14366,14549,14588,14513,14160,14663,14489,14468,14338,14512,14428,14505,14529,14549,14127,14289,14031,14495,14104,14256,14500,14188,14493,14541,14402,14373,14357,14249,14429,14585,14300,14576,14465,14319,14364,14426,14291,14381,14128,14029,14088,14212,14123,14310,14259,14457,14408,14308,14078,14440,14308,14239,14571,14554,14178,14211,14313,14300,14523,14341,14300,14352,14180,14346,14334,14410,14374,14256,14292,14291,14205,14242,14299,14205,14432,14188,14327,14242,14048,14061,14222,14003,14240,14317,14216,14235,14249,14353,14331,14075,14169,14049,14270,14115,14004,14104,13863,14349,14096,14379,14239,14400,14103,14462,
E07,15229,14981,14382,14434,14299,14289,14379,14415,14196,13999,14297,14172,14438,14151,14199,14162,14188,14320,14350,14295,14154,14285,14216,14375,14350,14220,14246,13986,14023,14155,14150,14209,14123,14295,14075,14111,13931,14125,14106,14112,14197,14099,14035,14048,13881,14162,14152,13861,14200,14140,14119,14067,14100,14023,13993,14210,13969,13984,14225,14054,13873,13857,14086,14170,13801,13882,13962,14069,13776,14071,13987,14010,13906,14110,13674,13996,14043,14047,14231,14099,13958,14002,14088,13845,14066,14102,13882,14171,14071,14019,14033,13981,13977,13784,14077,13968,13927,13914,13755,13978,14003,13840,13864,13773,13793,13893,14116,13717,13950,14111,13919,13606,13905,13785,13934,13850,13942,13817,13673,13844,13808,13807,14064,14049,13994,14004,13901,13875,13780,13945,
E08,14935,14694,14192,14481,14408,14408,14372,14493,14469,14542,14263,14491,14342,14384,14333,14388,14593,14342,14411,14419,14334,14663,14606,14656,14540,14704,14765,14594,14899,14712,14727,14941,14959,14975,14783,14951,14996,15157,15053,14919,15073,15368,15289,15118,15194,15394,15370,15189,15315,15419,15316,15257,15241,15406,15276,15186,15168,15502,15368,15397,15220,15211,15252,15471,15382,15525,15363,15507,15341,15397,15468,15550,15037,15365,15433,15545,15425,15255,15359,15248,15396,15245,15326,15405,15042,15544,15164,15436,15391,15553,15425,15206,15421,15293,15530,15472,15382,15448,15542,15410,15569,15310,15432,15275,15416,15207,15295,15401,15381,15549,15438,15165,15663,15349,15441,15621,15358,15026,15286,15337,15597,15354,15440,15604,15412,15211,15378,15275,15458,15347,
E09,14948,14885,14843,14409,14420,14531,14402,14336,14406,14527,14460,14481,14527,14673,14595,14638,14575,14587,14783,14568,14507,14688,14616,14718,14796,14683,14774,14606,14874,14671,15103,15015,14771,15113,15218,15136,15432,15187,15336,15304,15244,15311,15347,15570,15465,15913,15679,15660,15645,15364,15458,15770,15570,15596,15345,15769,15576,15645,15678,15514,15493,15635,15512,15601,15540,15772,15778,15623,15537,15512,15378,15547,15457,15614,15537,15469,15642,15490,15534,15460,15422,15717,15450,15710,15281,15524,15588,15645,15730,15815,15520,15499,15450,15468,15562,15697,15824,15657,15395,15614,15638,15620,15659,15432,15527,15620,15465,15603,15519,15706,15594,15673,15715,15534,15730,15428,15589,15476,15696,15658,15644,15607,15789,15445,15633,15395,15800,15660,15446,15656,
E10,14769,14760,14495,14373,14581,14345,14241,14413,14305,14372,14286,14416,14205,14650,14276,14342,14545,14603,14334,14597,14630,14571,14378,14324,14610,14490,14714,14985,14827,15078,15027,14905,15047,15255,15451,15414,15295,15084,15368,15044,15188,15111,15218,15315,15301,15587,15195,15232,15134,15365,15461,15303,15237,15217,15251,15396,15197,15357,15105,15321,15225,15357,15288,15090,15446,15308,15185,15429,15202,15118,15609,15186,15269,15257,15255,15214,15250,15526,15408,15149,15037,15211,15013,15170,15147,15268,14932,15220,15164,15364,15597,15450,15467,15252,15467,15445,15499,15024,15065,15428,15310,15179,15395,15568,15487,15510,15440,15286,15435,15192,15276,15258,15552,15337,15516,15472,15473,15295,15369,15168,15329,15433,15353,15311,15316,15203,15183,15338,15221,15456,
E11,14856,14487,14434,14338,14158,14254,14336,14055,14306,14502,14083,14097,14229,14284,14220,14382,14214,14415,14149,14419,14452,14407,14595,14601,14722,14596,14697,14853,14923,15132,14938,15091,15287,15296,15147,15092,15153,15236,15221,15031,15202,15106,15313,15185,15116,15501,15260,15200,15275,15470,15289,15152,15248,15300,15287,15210,15090,15454,15181,15313,15278,15104,15343,15208,15333,15478,15380,15296,15284,15370,15047,15361,15081,15280,15147,15107,15268,15162,15312,15340,15472,15188,15316,15254,15162,15067,15165,15086,15176,15461,15284,14961,15147,15135,15016,15093,15088,15088,15361,15094,15148,15107,15169,15278,15291,15467,15130,14947,15103,15299,15422,15291,15189,15334,15163,15146,15374,15226,15259,15169,15374,15220,15141,15409,15500,15288,15310,15481,15388,14977,
F02,14967,14453,14637,14220,14200,14205,14205,14035,14387,13914,14238,14210,14024,14366,14207,14126,14176,14280,14197,14122,14320,14267,14146,14241,14443,14353,14541,14424,14513,14853,14601,14437,14795,14767,14948,15047,15143,15170,15088,15024,15037,14879,14933,14908,15014,15053,15252,14823,14993,15169,15066,15025,15026,15214,15417,14993,14979,15231,15149,15164,14896,15352,15039,15056,15095,15376,14961,15115,15065,15224,15050,15044,15056,15194,15171,15379,15287,15090,15042,15196,15157,14775,15168,14996,15157,15248,15255,15095,15188,15073,15256,15300,15057,15137,15008,15061,15417,15164,15342,15257,15118,15223,15084,15049,15032,14963,15164,15018,15110,15093,15083,15342,15133,15061,15077,15272,14996,15067,15284,15216,15132,15320,15097,15209,15351,15078,15415,15313,15117,15337,
F03,14584,14534,14146,14377,14301,14042,14200,14264,14200,13945,13955,14317,14018,14142,14250,14310,14474,14430,14529,14758,15074,14910,15226,15474,15578,15733,16381,16877,17431,17950,18818,19483,21020,22098,23417,24917,26337,24214,21769,22327,22875,23263,23310,23531,23343,24025,23944,23845,24098,24233,24448,24522,24531,24493,24365,24544,24505,24314,24587,24429,24515,24219,24447,24401,24570,24474,24656,24424,24693,25110,24714,24624,24916,24271,24473,24492,24302,24529,24515,24080,24278,24239,24210,23952,24121,23981,24268,24426,24390,24467,24587,24246,23944,24691,24586,24280,24191,24275,23994,24155,24090,23811,24046,24375,24325,24065,24292,24242,24228,24528,24456,24033,24498,24259,24569,23755,24162,24261,23995,24023,23883,24058,24176,24124,23899,24139,24071,24199,23952,23687,
F04,14834,14517,14335,14453,14004,14150,14206,14081,14224,14195,14056,14174,13956,14277,14235,14019,14237,14277,14192,14311,14161,14305,14375,14452,14381,14337,14485,14484,14476,14626,14928,14647,14851,14889,14900,14762,15122,15150,15073,14910,15152,14913,15013,15181,15125,15055,14984,14916,14871,15091,14942,14838,14848,15061,15138,15344,15250,15028,14922,15085,15014,15035,15033,15026,15049,14949,15041,14875,15226,14953,15018,15091,15045,15125,14966,14825,15240,15368,15027,14854,15100,15099,15113,14882,14948,14985,15028,15212,15075,15053,15387,15184,15113,15114,14957,15232,15023,15138,15227,15358,15165,15028,15103,15074,15061,15042,15230,15269,15018,15239,15398,15009,15175,14987,15114,15189,15136,14894,15000,15255,15294,15329,14980,15150,15084,14994,15042,14948,15063,15216,
F05,14858,14953,14754,14389,14456,14576,14424,14421,14394,14267,14535,14494,14581,14600,14653,14597,14729,14541,14816,15092,15217,15092,15569,15775,16043,16303,16686,16968,17371,18400,19059,20365,21604,22458,23878,25528,26416,24711,22495,22812,23576,23577,23798,23974,23999,24490,24319,24539,24985,24502,25088,25073,24926,24796,24973,25070,25176,25098,25174,25440,25083,24894,25024,25424,25207,25495,25537,25553,25410,25296,25214,25137,25189,25440,25064,24955,25065,25067,25040,25119,25368,24573,24746,24976,24792,24883,24925,25110,25264,25223,25463,24907,24862,25107,25117,24996,25122,24642,25115,25047,24606,24957,24914,25063,24887,25059,24926,24813,25422,24914,25251,25074,25247,25102,25105,25055,24983,25027,25087,24956,24680,24760,24757,24853,24836,24801,25075,25017,24680,24938,
F06,15004,14444,14580,14540,14314,14147,14181,14276,14279,14439,14236,14488,14104,14314,14163,14384,14187,14162,14358,14179,14498,14212,14311,14253,14309,14427,14361,14339,14532,14241,14214,14093,14258,14084,14075,13916,14185,13994,14183,14232,14326,13960,14265,14282,14218,14140,14065,14147,14053,14146,14239,14042,13992,13957,14130,14167,14126,14051,13940,13970,14035,13763,14073,14076,14035,13855,13941,14031,13810,13851,13970,13949,14082,14093,14118,13985,14132,14090,13777,13923,13966,13969,14041,14079,13923,14047,13950,14124,14005,13989,14126,14097,13841,13999,13882,14065,14082,14091,14221,13914,14223,14277,13999,14068,13940,14026,13805,13888,13925,14087,13983,13970,13907,14085,13861,14033,13956,13711,13979,13931,13971,13822,14058,14108,13907,13910,13912,14107,13758,13895,
F07,15275,14926,14630,14763,14459,14653,14332,14566,14538,14434,14563,14501,14371,14521,14244,14561,14563,14241,14367,14529,14149,14489,14241,14450,14273,14461,14309,14347,14355,14331,14359,14289,14373,14211,14347,14409,14380,14346,14108,14467,14219,14122,14287,14393,14363,14208,14124,14183,14323,14389,14220,14195,14185,14204,14196,14251,14316,14156,13902,14149,14574,14247,14069,14227,14327,14133,14198,13957,14425,14049,14077,14245,14080,13984,14236,14267,14119,13996,14271,14225,14087,14138,14128,14282,14267,14222,14113,14195,14090,14154,14223,14129,14228,14055,14179,14353,14059,14054,14341,14234,14076,14120,14184,14121,14094,13940,14005,14033,13947,14129,14140,14159,14005,13986,14091,13987,14072,14051,14157,14059,14047,13977,14154,14237,13986,14160,13840,13991,13976,14049,
F08,14996,14534,14741,14427,14306,14171,14018,14409,14226,14444,14259,14500,14469,14433,14284,14491,14248,14264,14375,14202,14639,14372,14510,14546,14394,14622,14718,14871,14536,14952,14950,14985,15017,14988,14940,15065,15307,15345,15050,14867,15091,15133,15175,15327,15290,15399,15306,15359,15204,15415,15513,15374,15236,15249,15272,15244,15141,15103,15146,15194,15214,15257,15161,15291,15173,15348,15244,15068,14980,15324,15148,15017,15304,15555,15291,15475,15243,15077,15556,15333,15092,15418,15190,15335,15147,15380,15338,15014,15258,15365,15431,15297,15254,15376,15356,15206,15282,15173,14989,15164,15044,15086,15121,15137,15510,15340,15246,15278,15350,15427,15418,15043,15307,15373,15258,15205,15426,15127,15588,15324,15115,15386,15244,15287,15257,15213,15261,15179,15199,15370,
F09,14681,14606,14419,14350,14168,14073,13819,14061,14127,14167,14306,14217,14355,14092,14483,14245,14446,14272,14140,14311,13995,14318,14537,14175,14617,14501,14406,14421,14874,14823,15186,14879,14992,15232,14886,15198,15173,14999,14864,14812,14721,15137,15395,14939,14999,15112,15085,15027,14903,15057,15269,15093,15040,15267,15089,15182,14990,14987,14923,15111,15047,15044,15265,14924,14885,15196,14937,15207,14933,15016,15121,15093,15158,15230,15076,15167,15117,14865,15011,15164,15040,15120,14962,15157,15046,15201,14870,15026,14970,15250,15020,14991,15014,15120,15097,14962,15240,15069,15342,14829,15115,15162,15046,15041,14846,14965,14931,15185,15275,15007,15082,14937,15232,15242,15216,15215,15307,15351,15289,15380,14959,15099,15244,14933,15042,15010,14884,15073,15065,14943,
F10,14725,14375,14282,14341,14112,14211,14028,14228,14193,13997,14254,14165,14142,14365,14397,14202,14334,14279,14496,14329,14487,14194,14382,14252,14442,14544,14486,14861,14635,14678,14808,14925,15188,14962,15442,15215,15150,14981,15044,14973,15129,15017,15175,15425,15100,15262,15004,14918,15101,15057,15092,15202,15206,15380,15147,15462,14959,15212,14963,15190,15222,15451,15376,15112,15197,15040,15323,15418,15003,15181,14967,15314,15112,15097,15138,15424,15269,14861,15022,15440,15116,15225,15126,15309,15395,15287,15120,15365,15008,15262,15286,15361,15192,15248,15197,15389,15316,15157,15276,15037,15101,15138,15174,15284,15159,15471,15228,15115,14884,15257,15433,15234,15141,14907,15426,15428,15128,15101,15337,15303,15187,15127,15241,15112,15147,15286,15257,15314,15212,15303,
F11,14814,14023,14155,14154,13952,13806,13916,13863,14179,14062,13919,14039,14184,13848,14028,13942,13882,13986,14252,14033,14085,14161,14294,14265,14256,14752,14421,14736,14745,14662,14659,14643,14936,14789,14994,15114,15033,14872,14921,14869,14968,15001,14615,14792,15257,15064,14891,15125,14841,14903,14765,14926,14654,15198,15180,14829,14826,15168,15025,14915,14851,15103,14742,15199,15272,14895,15105,15016,15001,15043,14770,15071,15271,14905,14950,14930,15072,15058,14927,15071,15092,14948,14755,15131,14983,15030,15046,15148,15104,14898,15005,15139,14943,15002,15156,14902,14927,15070,15081,15093,14976,14941,15019,14960,15054,14975,14877,15140,14999,14933,14844,15199,15092,15128,14868,14784,14977,14859,14830,15146,14882,14955,15124,15190,14978,15225,15081,15077,15290,15093,
G02,14609,14282,14143,14070,13912,13850,14200,13790,13809,13995,13950,14043,13980,14079,14070,13817,14044,14242,14106,14182,14018,13944,13914,14097,14086,14151,14114,14414,14598,14540,14558,14649,14679,14798,14746,14713,14763,14689,14679,14769,14784,15085,14995,14964,14742,14656,14983,14928,14814,14770,14903,14877,15078,14864,15069,14930,14996,14922,14921,14823,14812,14962,15077,14871,14832,15047,14998,14769,15044,15049,15000,14821,14944,15103,14606,14932,15030,14822,14869,14928,15004,15130,14960,14820,14886,14801,14668,14716,14873,15132,14945,15083,14771,14919,15018,14890,15055,15055,14823,14938,15027,14974,14925,14889,15065,14826,14884,14778,14870,15037,15021,14992,15203,14802,15017,14995,14934,14936,14899,14883,15081,15091,15222,15049,15165,15103,14767,14609,14889,14715,
G03,15043,14565,14367,14359,14158,14338,14178,14196,14373,14441,14312,14390,14269,14263,14551,14426,14055,14597,14625,14772,14950,15057,15054,15558,15593,15921,15954,16324,16984,17562,18448,19281,19783,21320,22630,23811,25291,26543,23934,22318,22654,23053,23340,23615,23564,23919,24051,24326,24360,24508,24780,24440,24626,24795,24725,24631,24915,24925,25092,24848,24969,25078,24944,24885,24682,25055,25043,24832,25115,25209,24983,25143,24783,24666,25256,24962,24738,25012,25037,24693,25059,24625,24832,24433,24768,24364,24800,24765,24894,24753,25143,24831,24696,24776,25068,24742,24614,24236,24834,24653,24433,24678,24477,24982,24846,24857,25024,24921,24881,24790,24977,25096,25018,24899,24897,24548,24921,24828,24861,24709,24433,24520,24648,24380,24615,24739,24656,24517,24250,24585,
G04,14720,14436,14429,14203,13861,14199,14176,14059,14088,14120,14331,14159,14098,14287,13930,14136,14360,14087,14156,14318,14266,14256,14545,14133,14343,14490,14623,14533,14605,14861,14908,14876,14955,15201,15179,15058,15104,14744,15065,15040,15017,14875,14946,15029,15026,15013,15042,14907,15189,14937,15278,15215,14976,15104,15042,15153,14909,15060,15252,15001,15133,15400,15239,15115,15088,14911,15126,15187,15356,14931,15230,15124,15037,14892,15250,14872,15345,15261,14875,15025,15061,14946,15065,15088,14782,14957,15184,15008,15228,15113,15093,15022,15105,15102,15106,15107,15058,15185,15126,14900,15224,15156,15178,15034,15245,15148,14996,15241,14973,15176,14845,15009,15026,15140,14823,15073,15076,15199,15507,14939,15029,14992,15300,15185,15219,14843,14972,15158,15113,15307,
G05,15052,14690,14516,14468,14390,14379,14148,14330,14276,14472,14465,14500,14383,14629,14624,14269,14527,14465,14826,15020,15003,15221,15549,15534,15910,15940,16484,17099,17246,18259,19062,19935,20857,22137,23438,24967,25961,24624,22390,22751,23024,23223,23754,23815,23629,24190,24371,24338,24343,24349,24702,24918,25072,24854,24771,24816,24899,25028,25012,24929,24993,25140,24951,25124,25049,25281,25510,25413,25569,25323,25208,25553,25700,25118,25412,24872,25511,25162,25460,25570,25505,25249,25065,25231,25188,24930,25173,25570,25360,25722,25551,25238,25453,25753,25445,25165,25251,25004,25286,25175,25239,25388,25660,25718,25383,25857,25743,25738,25776,25376,25650,25780,25638,25917,25921,25224,25726,25590,25888,25537,25162,25368,25305,25126,25307,25874,25621,25770,25351,25601,
G06,15491,14908,14775,14372,14407,14559,14535,14439,14662,14810,14629,14536,14592,14582,14576,14313,14520,14660,14492,14458,14599,14471,14523,14304,14629,14419,14277,14382,14522,14413,14216,14065,14247,14573,14313,14185,14311,14368,14338,14148,14114,14140,14209,14158,14553,14526,14264,14119,14207,14244,14275,14075,14419,14383,14128,14333,14296,14102,13968,14180,13950,14435,14094,14559,14168,14347,14419,14225,14337,14159,13979,14199,14283,14002,14025,14263,14336,14330,13969,14273,14212,14161,14198,14148,13928,14164,14327,14156,14170,14133,14209,14127,14156,14224,14122,14239,14173,14189,13912,14111,14061,14293,14335,14343,14124,14044,13882,14102,14038,13963,14041,14172,13931,13945,14348,13959,14111,13982,14113,14162,14215,14156,14147,14198,14134,13959,14176,14175,14087,14154,
G07,14937,14623,14347,14242,14483,14565,14229,14007,14274,14017,14079,14488,14519,14405,14225,14003,14248,14195,14198,14113,14225,14224,14243,14181,14141,14354,14129,13799,14274,14179,14236,14118,14372,14040,14148,14263,14337,14035,14035,14137,14049,13713,13782,14007,14251,14191,14197,13940,14183,14074,13867,14277,14016,14118,14055,13860,14272,14007,14044,14173,13914,14015,13912,14126,13930,13963,14003,13999,14082,13900,14013,14152,13880,14128,14013,13905,14115,14019,14236,13780,13891,13909,13815,14027,14207,13876,13934,13994,13993,13860,14009,13944,14131,13933,13918,14112,13903,13993,13990,14100,13966,13937,13815,13723,14101,14055,14086,14136,13927,14193,13702,13714,13965,14027,13941,13882,13824,13764,13744,13939,14022,13728,13882,13875,13755,13846,13939,13868,13822,14066,
G08,14879,14354,14517,14162,14344,14231,14290,14135,14272,13857,14158,14304,14122,14173,14298,14176,14332,14445,14327,14228,14275,14495,14236,14083,14523,14469,14372,14503,14483,14741,14535,14858,14897,14964,14938,14751,15129,14997,15218,15140,15107,15199,15180,15102,15165,15107,15246,15038,15131,14966,15090,15116,15065,15104,15208,15259,15085,15213,15215,15248,15460,15030,15102,15099,15279,15564,15144,15052,15110,15291,15149,15000,15333,14715,15292,15390,14958,15135,15279,15107,15030,15134,15117,15215,15256,15241,15048,15516,15179,15127,15376,15064,15298,15131,15206,15124,15170,15187,15098,15219,15071,15317,15080,15119,15138,15041,14964,15064,15280,15082,15297,15113,15213,15232,15304,15159,15291,15138,15384,15251,15441,15080,15461,15075,15274,15283,15253,15316,15219,15330,
G09,14634,14383,14513,14126,14159,14329,14214,14035,14135,14218,14277,14192,14399,14359,14243,14002,14222,14449,14401,14322,14376,14328,14392,14382,14464,14554,14680,14679,14678,14965,14851,15083,14944,15009,15061,15072,15087,15147,15023,14757,15153,14932,14900,15022,15302,15240,15199,15111,14936,15301,15131,15024,15145,15006,15187,15070,15103,14932,15070,15211,14891,15108,15047,15043,14936,15150,15261,15229,15170,14874,15353,15278,15065,15092,15215,15150,14764,15074,15302,15268,15318,15155,15207,15136,15270,15196,15328,14804,15146,15311,15178,15296,14813,14966,15086,14784,14989,15059,15226,15267,14846,15058,15052,14904,14830,15165,15019,15130,15098,15186,15106,14949,15324,15136,15256,15054,15090,15239,15098,14953,15350,15327,15347,15168,15232,15189,15254,15127,15106,15141,
G10,14548,14425,14155,14050,14109,14230,13930,13881,14225,14047,14077,14008,14037,14053,14202,13818,14127,14253,14081,14043,14241,14100,14179,14255,14315,14266,14798,14585,14732,14683,14823,14751,14746,14901,14881,14836,14761,14838,14754,14865,14995,14919,15034,15069,14663,14933,14905,15204,14906,14883,14831,15081,15101,15407,14909,15013,15052,15065,14950,14911,14763,15257,14896,15101,14809,15029,14980,14801,14855,14902,14880,15193,15091,14958,15277,14799,15084,14885,15033,14740,15120,14846,14921,14817,15219,14881,14741,14904,14815,14933,15100,15029,14930,15023,14890,14855,14940,15128,14815,15008,14758,15019,15031,14901,14847,15015,14902,14758,15057,15072,14976,14979,14992,14926,15053,15002,14888,14788,15160,15052,14762,14831,15059,15026,14862,15057,14866,14973,14975,15071,
G11,14525,14309,13983,14114,13898,13979,14225,14086,13926,14056,14069,14285,14322,14373,13960,14190,14120,14009,14140,14267,14386,14264,14120,14224,14488,14421,14704,14505,14503,14560,14824,14694,15031,15005,15194,14843,15167,15046,15016,15011,14988,14990,14948,15084,15050,14830,15052,15064,14902,14942,15118,15164,14906,15018,15064,15237,15036,15037,15224,15246,14903,14890,14971,15171,15181,14930,15032,15246,15130,15067,14987,15161,15072,15085,14825,14940,15157,15086,15068,15183,14947,14999,15140,15118,15032,14951,15353,14859,14828,15062,15001,14967,15052,14832,15087,15244,14899,15240,15038,15079,15141,14939,15076,14933,15124,14868,15027,15122,15042,14934,15103,15313,15232,15103,15095,15033,15069,14953,15150,15209,14995,14968,14991,15145,15071,15211,15038,14882,15124,15011,